STATION,DATE,HourlyDryBulbTemperature,HourlyPrecipitation,HourlyRelativeHumidity,HourlyWindSpeed
DUNWOD,2021/06/01 00:51:00,59,0.00,78,0
DUNWOD,2021/06/01 01:00:00,59,0.0,78,0
DUNWOD,2021/06/01 01:51:00,58,0.00,84,0
DUNWOD,2021/06/01 02:51:00,58,0.00,81,0
DUNWOD,2021/06/01 03:51:00,58,0.00,78,0
DUNWOD,2021/06/01 04:00:00,58,0.0,78,0
DUNWOD,2021/06/01 04:51:00,57,0.00,83,0
DUNWOD,2021/06/01 05:51:00,59,0.00,81,0
DUNWOD,2021/06/01 06:51:00,62,0.00,67,0
DUNWOD,2021/06/01 07:00:00,62,0.0,67,0
DUNWOD,2021/06/01 07:51:00,65,0.00,61,0
DUNWOD,2021/06/01 08:51:00,68,0.00,47,5
DUNWOD,2021/06/01 09:51:00,72,0.00,46,0
DUNWOD,2021/06/01 10:00:00,72,0.0,46,0
DUNWOD,2021/06/01 10:51:00,73,0.00,41,5
DUNWOD,2021/06/01 11:51:00,76,0.00,33,6
DUNWOD,2021/06/01 12:51:00,75,0.00,34,9
DUNWOD,2021/06/01 13:00:00,75,0.0,34,9
DUNWOD,2021/06/01 13:51:00,76,0.00,33,8
DUNWOD,2021/06/01 14:51:00,78,0.00,29,6
DUNWOD,2021/06/01 15:51:00,76,0.00,42,14
DUNWOD,2021/06/01 16:00:00,76,0.0,42,14
DUNWOD,2021/06/01 16:51:00,74,0.00,40,17
DUNWOD,2021/06/01 17:51:00,73,0.00,43,15
DUNWOD,2021/06/01 18:51:00,70,0.00,51,10
DUNWOD,2021/06/01 19:00:00,70,0.0,51,10
DUNWOD,2021/06/01 19:51:00,68,0.00,57,10
DUNWOD,2021/06/01 20:51:00,67,0.00,61,7
DUNWOD,2021/06/01 21:51:00,68,0.00,59,13
DUNWOD,2021/06/01 22:00:00,68,0.0,59,13
DUNWOD,2021/06/01 22:51:00,68,0.00,53,10
DUNWOD,2021/06/01 23:51:00,67,0.00,53,9
DUNWOD,2021/06/02 00:51:00,66,0.00,52,8
DUNWOD,2021/06/02 01:00:00,66,0.0,52,8
DUNWOD,2021/06/02 01:51:00,65,0.00,56,6
DUNWOD,2021/06/02 02:51:00,64,0.00,60,9
DUNWOD,2021/06/02 03:51:00,63,0.00,65,0
DUNWOD,2021/06/02 04:00:00,63,0.0,65,0
DUNWOD,2021/06/02 04:51:00,63,0.00,68,0
DUNWOD,2021/06/02 05:51:00,63,0.00,68,5
DUNWOD,2021/06/02 06:51:00,67,0.00,61,0
DUNWOD,2021/06/02 07:51:00,69,0.00,59,6
DUNWOD,2021/06/02 08:51:00,71,0.00,57,5
DUNWOD,2021/06/02 09:51:00,73,0.00,53,6
DUNWOD,2021/06/02 10:00:00,73,0.0,53,6
DUNWOD,2021/06/02 10:51:00,75,0.00,50,8
DUNWOD,2021/06/02 11:51:00,73,0.00,53,13
DUNWOD,2021/06/02 12:51:00,72,0.00,57,11
DUNWOD,2021/06/02 13:00:00,72,0.0,57,11
DUNWOD,2021/06/02 13:51:00,72,0.00,53,11
DUNWOD,2021/06/02 14:51:00,72,0.00,52,11
DUNWOD,2021/06/02 15:51:00,69,0.00,51,15
DUNWOD,2021/06/02 16:00:00,69,0.0,51,15
DUNWOD,2021/06/02 16:51:00,69,0.00,49,13
DUNWOD,2021/06/02 17:51:00,69,0.00,49,15
DUNWOD,2021/06/02 18:51:00,68,0.00,51,14
DUNWOD,2021/06/02 19:00:00,68,0.0,51,14
DUNWOD,2021/06/02 19:51:00,66,0.00,56,10
DUNWOD,2021/06/02 20:51:00,65,0.00,63,7
DUNWOD,2021/06/02 21:51:00,64,0.00,68,6
DUNWOD,2021/06/02 22:00:00,64,0.0,68,6
DUNWOD,2021/06/02 22:51:00,63,0.00,78,9
DUNWOD,2021/06/02 23:51:00,63,0.00,81,9
DUNWOD,2021/06/03 00:51:00,62,0.00,84,7
DUNWOD,2021/06/03 01:00:00,62,0.0,84,7
DUNWOD,2021/06/03 01:51:00,62,0.00,80,6
DUNWOD,2021/06/03 02:51:00,61,0.00,84,6
DUNWOD,2021/06/03 03:48:00,61,0.0,83,3
DUNWOD,2021/06/03 03:51:00,61,0.00,84,3
DUNWOD,2021/06/03 04:00:00,61,0.0,84,3
DUNWOD,2021/06/03 04:11:00,61,0.0,87,3
DUNWOD,2021/06/03 04:36:00,61,0.0,87,3
DUNWOD,2021/06/03 04:51:00,61,0.00,87,3
DUNWOD,2021/06/03 05:51:00,62,0.0,84,5
DUNWOD,2021/06/03 06:39:00,62,0.0,84,7
DUNWOD,2021/06/03 06:51:00,62,0.0,84,8
DUNWOD,2021/06/03 07:00:00,62,0.0,84,8
DUNWOD,2021/06/03 07:01:00,62,0.0,84,6
DUNWOD,2021/06/03 07:51:00,63,0.0,87,8
DUNWOD,2021/06/03 08:10:00,62,0.0,86,8
DUNWOD,2021/06/03 08:45:00,63,0.01,88,7
DUNWOD,2021/06/03 08:51:00,62,0.02,90,7
DUNWOD,2021/06/03 09:03:00,62,0.01,90,6
DUNWOD,2021/06/03 09:06:00,62,0.03,90,7
DUNWOD,2021/06/03 09:51:00,63,0.10,90,6
DUNWOD,2021/06/03 10:00:00,63,0.0,90,6
DUNWOD,2021/06/03 10:49:00,66,0.0,94,6
DUNWOD,2021/06/03 10:51:00,66,0.01,93,6
DUNWOD,2021/06/03 11:26:00,67,0.0,87,7
DUNWOD,2021/06/03 11:51:00,68,0.0,84,6
DUNWOD,2021/06/03 12:22:00,69,0.0,84,9
DUNWOD,2021/06/03 12:51:00,69,0.00,84,7
DUNWOD,2021/06/03 13:00:00,69,0.0,84,7
DUNWOD,2021/06/03 13:36:00,70,0.0,79,6
DUNWOD,2021/06/03 13:51:00,70,0.00,79,5
DUNWOD,2021/06/03 14:51:00,72,0.00,73,7
DUNWOD,2021/06/03 15:51:00,73,0.00,71,6
DUNWOD,2021/06/03 15:55:00,73,0.0,71,8
DUNWOD,2021/06/03 16:00:00,73,0.0,71,6
DUNWOD,2021/06/03 16:51:00,73,0.00,74,9
DUNWOD,2021/06/03 17:51:00,71,0.00,76,9
DUNWOD,2021/06/03 18:51:00,68,0.01,84,7
DUNWOD,2021/06/03 19:00:00,68,0.0,84,7
DUNWOD,2021/06/03 19:51:00,67,0.08,91,5
DUNWOD,2021/06/03 20:51:00,68,0.05,87,6
DUNWOD,2021/06/03 21:51:00,67,0.04,91,8
DUNWOD,2021/06/03 22:00:00,67,0.0,91,8
DUNWOD,2021/06/03 22:51:00,67,0.0,91,6
DUNWOD,2021/06/03 23:27:00,68,0.0,87,7
DUNWOD,2021/06/03 23:51:00,69,0.00,87,7
DUNWOD,2021/06/04 00:19:00,70,0.0,87,5
DUNWOD,2021/06/04 00:51:00,70,0.00,87,6
DUNWOD,2021/06/04 01:00:00,70,0.0,87,6
DUNWOD,2021/06/04 01:51:00,70,0.00,87,9
DUNWOD,2021/06/04 02:51:00,70,0.00,87,7
DUNWOD,2021/06/04 03:27:00,71,0.0,84,8
DUNWOD,2021/06/04 03:49:00,72,0.0,83,7
DUNWOD,2021/06/04 03:51:00,71,0.00,84,7
DUNWOD,2021/06/04 04:00:00,71,0.0,84,7
DUNWOD,2021/06/04 04:51:00,71,0.00,84,8
DUNWOD,2021/06/04 05:17:00,71,0.0,84,10
DUNWOD,2021/06/04 05:51:00,72,0.00,79,6
DUNWOD,2021/06/04 06:51:00,71,0.00,84,7
DUNWOD,2021/06/04 07:00:00,71,0.0,84,7
DUNWOD,2021/06/04 07:51:00,73,0.00,79,9
DUNWOD,2021/06/04 08:51:00,74,0.00,74,8
DUNWOD,2021/06/04 09:43:00,74,0.0,74,10
DUNWOD,2021/06/04 09:51:00,75,0.00,71,7
DUNWOD,2021/06/04 10:00:00,75,0.0,71,7
DUNWOD,2021/06/04 10:51:00,77,0.00,62,6
DUNWOD,2021/06/04 11:51:00,77,0.00,62,6
DUNWOD,2021/06/04 12:51:00,78,0.00,60,6
DUNWOD,2021/06/04 13:00:00,78,0.0,60,6
DUNWOD,2021/06/04 13:51:00,78,0.00,60,5
DUNWOD,2021/06/04 14:49:00,77,0.0,65,10
DUNWOD,2021/06/04 14:51:00,77,0.0,64,7
DUNWOD,2021/06/04 15:00:00,77,0.0,66,6
DUNWOD,2021/06/04 15:08:00,72,0.0,68,36s
DUNWOD,2021/06/04 15:15:00,64,0.45,84,18
DUNWOD,2021/06/04 15:20:00,65,0.54,81,8
DUNWOD,2021/06/04 15:42:00,64,0.62,88,5
DUNWOD,2021/06/04 16:00:00,66,0.0,84,9
DUNWOD,2021/06/04 16:39:00,67,0.03,84,8
DUNWOD,2021/06/04 16:51:00,67,0.01,84,10
DUNWOD,2021/06/04 17:51:00,70,0.00,82,6
DUNWOD,2021/06/04 18:51:00,71,0.00,76,0
DUNWOD,2021/06/04 19:00:00,71,0.0,76,0
DUNWOD,2021/06/04 19:51:00,69,0.00,76,5
DUNWOD,2021/06/04 20:51:00,69,0.00,78,6
DUNWOD,2021/06/04 21:51:00,69,0.00,78,5
DUNWOD,2021/06/04 22:00:00,69,0.0,78,5
DUNWOD,2021/06/04 22:51:00,69,0.00,78,6
DUNWOD,2021/06/04 23:51:00,68,0.00,84,8
DUNWOD,2021/06/05 00:51:00,68,0.00,84,3
DUNWOD,2021/06/05 01:00:00,68,0.0,84,3
DUNWOD,2021/06/05 01:51:00,68,0.00,84,0
DUNWOD,2021/06/05 02:51:00,68,0.00,84,0
DUNWOD,2021/06/05 03:51:00,68,0.00,81,0
DUNWOD,2021/06/05 04:00:00,68,0.0,81,0
DUNWOD,2021/06/05 04:51:00,66,0.00,87,0
DUNWOD,2021/06/05 05:51:00,70,0.00,79,0
DUNWOD,2021/06/05 06:51:00,74,0.00,69,3
DUNWOD,2021/06/05 07:00:00,74,0.0,69,3
DUNWOD,2021/06/05 07:51:00,78,0.00,54,7
DUNWOD,2021/06/05 08:51:00,80,0.00,52,9
DUNWOD,2021/06/05 09:51:00,82,0.00,47,7
DUNWOD,2021/06/05 10:00:00,82,0.0,47,7
DUNWOD,2021/06/05 10:51:00,85,0.00,45,5
DUNWOD,2021/06/05 11:51:00,87,0.00,40,13
DUNWOD,2021/06/05 12:51:00,90,0.00,35,10
DUNWOD,2021/06/05 13:00:00,90,0.0,35,10
DUNWOD,2021/06/05 13:51:00,92,0.00,33,10
DUNWOD,2021/06/05 14:51:00,93,0.00,31,11
DUNWOD,2021/06/05 15:51:00,93,0.00,29,16
DUNWOD,2021/06/05 16:00:00,93,0.0,29,16
DUNWOD,2021/06/05 16:51:00,93,0.00,29,14
DUNWOD,2021/06/05 17:51:00,92,0.00,31,16
DUNWOD,2021/06/05 18:51:00,91,0.00,31,16
DUNWOD,2021/06/05 19:00:00,91,0.0,31,16
DUNWOD,2021/06/05 19:51:00,89,0.00,33,11
DUNWOD,2021/06/05 20:51:00,88,0.00,35,10
DUNWOD,2021/06/05 21:51:00,86,0.00,39,8
DUNWOD,2021/06/05 22:00:00,86,0.0,39,8
DUNWOD,2021/06/05 22:51:00,85,0.00,43,13
DUNWOD,2021/06/05 23:51:00,85,0.00,43,14
DUNWOD,2021/06/06 00:51:00,83,0.00,46,14
DUNWOD,2021/06/06 01:00:00,83,0.0,46,14
DUNWOD,2021/06/06 01:51:00,82,0.00,47,10
DUNWOD,2021/06/06 02:51:00,82,0.00,47,10
DUNWOD,2021/06/06 03:51:00,81,0.00,49,9
DUNWOD,2021/06/06 04:00:00,81,0.0,49,9
DUNWOD,2021/06/06 04:51:00,78,0.00,56,5
DUNWOD,2021/06/06 05:51:00,77,0.00,58,3
DUNWOD,2021/06/06 06:51:00,82,0.00,51,0
DUNWOD,2021/06/06 07:00:00,82,0.0,51,0
DUNWOD,2021/06/06 07:51:00,83,0.00,48,5
DUNWOD,2021/06/06 08:51:00,86,0.00,43,3
DUNWOD,2021/06/06 09:51:00,88,0.00,38,3
DUNWOD,2021/06/06 10:00:00,88,0.0,38,3
DUNWOD,2021/06/06 10:51:00,91,0.00,31,7
DUNWOD,2021/06/06 11:51:00,93,0.00,30,13
DUNWOD,2021/06/06 12:51:00,94,0.00,28,11
DUNWOD,2021/06/06 13:00:00,94,0.0,28,11
DUNWOD,2021/06/06 13:51:00,94,0.00,27,14
DUNWOD,2021/06/06 14:34:00,92,0.0,38,18
DUNWOD,2021/06/06 14:51:00,92,0.00,38,15
DUNWOD,2021/06/06 15:51:00,91,0.00,38,15
DUNWOD,2021/06/06 16:00:00,91,0.0,38,15
DUNWOD,2021/06/06 16:51:00,89,0.00,39,13
DUNWOD,2021/06/06 17:51:00,87,0.00,43,8
DUNWOD,2021/06/06 18:51:00,85,0.00,46,9
DUNWOD,2021/06/06 19:00:00,85,0.0,46,9
DUNWOD,2021/06/06 19:51:00,85,0.00,50,10
DUNWOD,2021/06/06 20:51:00,86,0.00,46,14
DUNWOD,2021/06/06 21:51:00,85,0.00,48,14
DUNWOD,2021/06/06 22:00:00,85,0.0,48,14
DUNWOD,2021/06/06 22:51:00,84,0.00,48,11
DUNWOD,2021/06/06 23:51:00,82,0.00,53,10
DUNWOD,2021/06/07 00:51:00,81,0.00,57,9
DUNWOD,2021/06/07 01:00:00,81,0.0,57,9
DUNWOD,2021/06/07 01:51:00,80,0.00,58,8
DUNWOD,2021/06/07 02:51:00,79,0.00,62,7
DUNWOD,2021/06/07 03:51:00,78,0.00,64,6
DUNWOD,2021/06/07 04:00:00,78,0.0,64,6
DUNWOD,2021/06/07 04:51:00,78,0.00,67,7
DUNWOD,2021/06/07 05:51:00,78,0.00,67,6
DUNWOD,2021/06/07 06:51:00,81,0.00,62,9
DUNWOD,2021/06/07 07:00:00,81,0.0,62,9
DUNWOD,2021/06/07 07:51:00,82,0.00,63,6
DUNWOD,2021/06/07 08:51:00,86,0.00,55,6
DUNWOD,2021/06/07 09:51:00,87,0.00,51,5
DUNWOD,2021/06/07 10:00:00,87,0.0,51,5
DUNWOD,2021/06/07 10:51:00,91,0.00,45,5
DUNWOD,2021/06/07 11:51:00,91,0.00,49,13
DUNWOD,2021/06/07 12:51:00,90,0.00,50,15
DUNWOD,2021/06/07 13:00:00,90,0.0,50,15
DUNWOD,2021/06/07 13:51:00,88,0.00,52,15
DUNWOD,2021/06/07 14:29:00,85,0.0,53,10
DUNWOD,2021/06/07 14:38:00,84,0.0,55,14
DUNWOD,2021/06/07 14:51:00,82,0.00,58,10
DUNWOD,2021/06/07 15:29:00,82,0.0,60,9
DUNWOD,2021/06/07 15:51:00,83,0.0,59,5
DUNWOD,2021/06/07 16:00:00,83,0.0,59,5
DUNWOD,2021/06/07 16:51:00,83,0.00,59,6
DUNWOD,2021/06/07 17:51:00,83,0.00,63,10
DUNWOD,2021/06/07 18:51:00,82,0.00,63,7
DUNWOD,2021/06/07 19:00:00,82,0.0,63,7
DUNWOD,2021/06/07 19:51:00,79,0.00,67,7
DUNWOD,2021/06/07 20:51:00,80,0.00,64,8
DUNWOD,2021/06/07 21:51:00,78,0.00,67,9
DUNWOD,2021/06/07 22:00:00,78,0.0,67,9
DUNWOD,2021/06/07 22:51:00,78,0.00,64,6
DUNWOD,2021/06/07 23:51:00,78,0.00,64,7
DUNWOD,2021/06/08 00:51:00,76,0.00,72,7
DUNWOD,2021/06/08 01:00:00,76,0.0,72,7
DUNWOD,2021/06/08 01:51:00,75,0.00,74,8
DUNWOD,2021/06/08 02:51:00,75,0.00,74,7
DUNWOD,2021/06/08 03:51:00,76,0.00,74,6
DUNWOD,2021/06/08 04:00:00,76,0.0,74,6
DUNWOD,2021/06/08 04:51:00,76,0.00,74,5
DUNWOD,2021/06/08 05:51:00,77,0.00,74,6
DUNWOD,2021/06/08 06:51:00,80,0.00,69,7
DUNWOD,2021/06/08 07:00:00,80,0.0,69,7
DUNWOD,2021/06/08 07:51:00,82,0.00,65,5
DUNWOD,2021/06/08 08:51:00,84,0.00,63,8
DUNWOD,2021/06/08 09:51:00,88,0.00,55,7
DUNWOD,2021/06/08 10:00:00,88,0.0,55,7
DUNWOD,2021/06/08 10:51:00,90,0.00,52,11
DUNWOD,2021/06/08 11:51:00,91,0.00,49,11
DUNWOD,2021/06/08 12:51:00,90,0.00,54,16
DUNWOD,2021/06/08 13:00:00,90,0.0,54,16
DUNWOD,2021/06/08 13:51:00,86,0.00,59,14
DUNWOD,2021/06/08 13:57:00,87,0.0,57,15
DUNWOD,2021/06/08 14:51:00,84,0.00,53,10
DUNWOD,2021/06/08 15:09:00,81,0.0,61,8
DUNWOD,2021/06/08 15:33:00,73,0.03,79,11
DUNWOD,2021/06/08 15:47:00,72,0.19,83,0
DUNWOD,2021/06/08 15:51:00,73,0.0,84,7
DUNWOD,2021/06/08 16:00:00,73,0.0,84,7
DUNWOD,2021/06/08 16:09:00,74,0.14,88,7
DUNWOD,2021/06/08 16:51:00,74,0.07,88,0
DUNWOD,2021/06/08 17:08:00,73,0.01,87,3
DUNWOD,2021/06/08 17:51:00,75,0.04,84,0
DUNWOD,2021/06/08 18:51:00,75,0.0,88,3
DUNWOD,2021/06/08 19:00:00,75,0.0,88,3
DUNWOD,2021/06/08 19:42:00,76,0.0,82,5
DUNWOD,2021/06/08 19:51:00,75,0.00,84,7
DUNWOD,2021/06/08 20:35:00,76,0.0,82,3
DUNWOD,2021/06/08 20:51:00,75,0.00,84,3
DUNWOD,2021/06/08 20:55:00,75,0.0,84,3
DUNWOD,2021/06/08 21:51:00,76,0.00,82,0
DUNWOD,2021/06/08 22:00:00,76,0.0,82,0
DUNWOD,2021/06/08 22:51:00,76,0.00,79,0
DUNWOD,2021/06/08 23:51:00,75,0.00,76,0
DUNWOD,2021/06/09 00:51:00,76,0.00,74,3
DUNWOD,2021/06/09 01:00:00,76,0.0,74,3
DUNWOD,2021/06/09 01:51:00,74,0.00,79,5
DUNWOD,2021/06/09 02:51:00,76,0.00,77,0
DUNWOD,2021/06/09 03:51:00,76,0.00,77,3
DUNWOD,2021/06/09 04:00:00,76,0.0,77,3
DUNWOD,2021/06/09 04:51:00,75,0.00,82,0
DUNWOD,2021/06/09 05:51:00,76,0.00,77,6
DUNWOD,2021/06/09 06:51:00,75,0.00,76,5
DUNWOD,2021/06/09 07:00:00,75,0.0,76,5
DUNWOD,2021/06/09 07:51:00,75,0.00,76,6
DUNWOD,2021/06/09 08:51:00,81,0.00,67,3
DUNWOD,2021/06/09 09:51:00,84,0.00,59,5
DUNWOD,2021/06/09 10:00:00,84,0.0,59,5
DUNWOD,2021/06/09 10:51:00,87,0.00,51,7
DUNWOD,2021/06/09 11:51:00,87,0.00,50,9
DUNWOD,2021/06/09 12:51:00,87,0.00,50,6
DUNWOD,2021/06/09 13:00:00,87,0.0,50,6
DUNWOD,2021/06/09 13:51:00,88,0.00,48,7
DUNWOD,2021/06/09 14:51:00,89,0.00,45,8
DUNWOD,2021/06/09 15:19:00,90,0.0,44,8
DUNWOD,2021/06/09 15:34:00,89,0.0,45,7
DUNWOD,2021/06/09 15:51:00,89,0.00,43,6
DUNWOD,2021/06/09 16:00:00,89,0.0,43,6
DUNWOD,2021/06/09 16:51:00,88,0.00,50,3
DUNWOD,2021/06/09 17:51:00,85,0.00,59,9
DUNWOD,2021/06/09 18:51:00,86,0.00,57,6
DUNWOD,2021/06/09 19:00:00,86,0.0,57,6
DUNWOD,2021/06/09 19:51:00,84,0.00,59,8
DUNWOD,2021/06/09 20:51:00,83,0.00,61,0
DUNWOD,2021/06/09 21:51:00,79,0.00,67,6
DUNWOD,2021/06/09 22:00:00,79,0.0,67,6
DUNWOD,2021/06/09 22:51:00,80,0.00,67,6
DUNWOD,2021/06/09 23:51:00,80,0.00,62,0
DUNWOD,2021/06/10 00:51:00,78,0.00,67,0
DUNWOD,2021/06/10 01:00:00,78,0.0,67,0
DUNWOD,2021/06/10 01:51:00,76,0.00,72,6
DUNWOD,2021/06/10 02:51:00,74,0.00,76,5
DUNWOD,2021/06/10 03:51:00,74,0.00,69,5
DUNWOD,2021/06/10 04:00:00,74,0.0,69,5
DUNWOD,2021/06/10 04:51:00,72,0.00,68,5
DUNWOD,2021/06/10 05:51:00,74,0.00,57,5
DUNWOD,2021/06/10 06:51:00,75,0.00,54,9
DUNWOD,2021/06/10 07:00:00,75,0.0,54,9
DUNWOD,2021/06/10 07:51:00,76,0.00,52,9
DUNWOD,2021/06/10 08:51:00,76,0.00,50,10
DUNWOD,2021/06/10 09:51:00,78,0.00,45,10
DUNWOD,2021/06/10 10:00:00,78,0.0,45,10
DUNWOD,2021/06/10 10:51:00,77,0.00,47,14
DUNWOD,2021/06/10 11:51:00,77,0.00,47,17
DUNWOD,2021/06/10 12:51:00,78,0.00,47,14
DUNWOD,2021/06/10 13:00:00,78,0.0,47,14
DUNWOD,2021/06/10 13:51:00,80,0.00,42,13
DUNWOD,2021/06/10 14:51:00,79,0.00,44,13
DUNWOD,2021/06/10 15:51:00,79,0.00,32,13
DUNWOD,2021/06/10 16:51:00,77,0.00,33,14
DUNWOD,2021/06/10 17:51:00,77,0.00,31,15
DUNWOD,2021/06/10 18:51:00,72,0.00,37,11
DUNWOD,2021/06/10 19:00:00,72,0.0,37,11
DUNWOD,2021/06/10 19:51:00,70,0.00,42,8
DUNWOD,2021/06/10 20:51:00,68,0.00,44,8
DUNWOD,2021/06/10 21:51:00,67,0.00,49,13
DUNWOD,2021/06/10 22:00:00,67,0.0,49,13
DUNWOD,2021/06/10 22:51:00,66,0.00,49,13
DUNWOD,2021/06/10 23:51:00,65,0.00,54,9
DUNWOD,2021/06/11 00:51:00,64,0.00,52,9
DUNWOD,2021/06/11 01:00:00,64,0.0,52,9
DUNWOD,2021/06/11 01:51:00,63,0.00,63,9
DUNWOD,2021/06/11 02:51:00,63,0.00,60,9
DUNWOD,2021/06/11 03:51:00,62,0.00,60,13
DUNWOD,2021/06/11 04:00:00,62,0.0,60,13
DUNWOD,2021/06/11 04:51:00,62,0.00,60,8
DUNWOD,2021/06/11 05:51:00,62,0.00,60,11
DUNWOD,2021/06/11 06:51:00,62,0.00,56,10
DUNWOD,2021/06/11 07:00:00,62,0.0,56,10
DUNWOD,2021/06/11 07:51:00,63,0.00,63,7
DUNWOD,2021/06/11 08:51:00,64,0.00,63,13
DUNWOD,2021/06/11 09:51:00,65,0.00,63,13
DUNWOD,2021/06/11 10:00:00,65,0.0,63,13
DUNWOD,2021/06/11 10:51:00,65,0.00,63,13
DUNWOD,2021/06/11 11:51:00,66,0.00,61,10
DUNWOD,2021/06/11 12:51:00,66,0.00,61,7
DUNWOD,2021/06/11 13:00:00,66,0.0,61,7
DUNWOD,2021/06/11 13:51:00,66,0.00,61,9
DUNWOD,2021/06/11 14:51:00,67,0.00,55,10
DUNWOD,2021/06/11 15:51:00,68,0.00,55,9
DUNWOD,2021/06/11 16:00:00,68,0.0,55,9
DUNWOD,2021/06/11 16:51:00,67,0.00,63,9
DUNWOD,2021/06/11 17:51:00,67,0.00,71,8
DUNWOD,2021/06/11 18:51:00,66,0.0,75,7
DUNWOD,2021/06/11 19:00:00,66,0.0,75,7
DUNWOD,2021/06/11 19:51:00,65,0.0,78,9
DUNWOD,2021/06/11 20:27:00,65,0.0,78,7
DUNWOD,2021/06/11 20:51:00,65,0.0,78,7
DUNWOD,2021/06/11 21:43:00,65,0.0,81,5
DUNWOD,2021/06/11 21:51:00,65,0.0,81,3
DUNWOD,2021/06/11 22:00:00,65,0.0,81,3
DUNWOD,2021/06/11 22:51:00,66,0.00,78,6
DUNWOD,2021/06/11 23:51:00,65,0.00,84,6
DUNWOD,2021/06/12 00:51:00,65,0.00,81,9
DUNWOD,2021/06/12 01:00:00,65,0.0,81,9
DUNWOD,2021/06/12 01:51:00,65,0.00,81,5
DUNWOD,2021/06/12 02:51:00,64,0.00,81,7
DUNWOD,2021/06/12 03:51:00,64,0.00,81,8
DUNWOD,2021/06/12 04:00:00,64,0.0,81,8
DUNWOD,2021/06/12 04:51:00,64,0.00,81,9
DUNWOD,2021/06/12 05:51:00,64,0.00,81,8
DUNWOD,2021/06/12 06:51:00,65,0.00,81,11
DUNWOD,2021/06/12 07:00:00,65,0.0,81,11
DUNWOD,2021/06/12 07:35:00,65,0.0,81,11
DUNWOD,2021/06/12 07:51:00,65,0.00,81,11
DUNWOD,2021/06/12 08:49:00,64,0.0,78,15
DUNWOD,2021/06/12 08:51:00,65,0.00,76,15
DUNWOD,2021/06/12 09:51:00,65,0.00,73,10
DUNWOD,2021/06/12 10:00:00,65,0.0,73,10
DUNWOD,2021/06/12 10:51:00,65,0.00,73,10
DUNWOD,2021/06/12 11:51:00,66,0.00,65,13
DUNWOD,2021/06/12 12:08:00,66,0.0,65,10
DUNWOD,2021/06/12 12:49:00,66,0.0,68,9
DUNWOD,2021/06/12 12:51:00,66,0.00,68,9
DUNWOD,2021/06/12 13:00:00,66,0.0,68,9
DUNWOD,2021/06/12 13:51:00,69,0.00,59,5
DUNWOD,2021/06/12 14:51:00,69,0.00,51,9
DUNWOD,2021/06/12 15:51:00,69,0.00,55,5
DUNWOD,2021/06/12 16:00:00,69,0.0,55,5
DUNWOD,2021/06/12 16:51:00,69,0.00,55,3
DUNWOD,2021/06/12 17:51:00,69,0.00,59,5
DUNWOD,2021/06/12 18:51:00,68,0.00,57,10
DUNWOD,2021/06/12 19:00:00,68,0.0,57,10
DUNWOD,2021/06/12 19:51:00,66,0.00,61,10
DUNWOD,2021/06/12 20:51:00,65,0.00,61,8
DUNWOD,2021/06/12 21:51:00,64,0.00,68,8
DUNWOD,2021/06/12 22:00:00,64,0.0,68,8
DUNWOD,2021/06/12 22:51:00,64,0.00,73,7
DUNWOD,2021/06/12 23:51:00,64,0.00,73,9
DUNWOD,2021/06/13 00:51:00,64,0.00,73,5
DUNWOD,2021/06/13 01:00:00,64,0.0,73,5
DUNWOD,2021/06/13 01:51:00,64,0.00,73,5
DUNWOD,2021/06/13 02:51:00,64,0.00,70,5
DUNWOD,2021/06/13 03:51:00,63,0.00,73,5
DUNWOD,2021/06/13 04:00:00,63,0.0,73,5
DUNWOD,2021/06/13 04:51:00,63,0.00,73,6
DUNWOD,2021/06/13 05:51:00,65,0.00,70,5
DUNWOD,2021/06/13 06:51:00,68,0.00,65,0
DUNWOD,2021/06/13 07:00:00,68,0.0,65,0
DUNWOD,2021/06/13 07:51:00,71,0.00,53,5
DUNWOD,2021/06/13 08:51:00,74,0.00,52,3
DUNWOD,2021/06/13 09:51:00,74,0.00,52,5
DUNWOD,2021/06/13 10:00:00,74,0.0,52,5
DUNWOD,2021/06/13 10:51:00,75,0.00,52,3
DUNWOD,2021/06/13 11:51:00,76,0.00,47,8
DUNWOD,2021/06/13 12:51:00,74,0.00,56,14
DUNWOD,2021/06/13 13:00:00,74,0.0,56,14
DUNWOD,2021/06/13 13:51:00,71,0.00,59,11
DUNWOD,2021/06/13 14:51:00,69,0.0,61,10
DUNWOD,2021/06/13 15:51:00,69,0.00,61,11
DUNWOD,2021/06/13 16:00:00,69,0.0,61,11
DUNWOD,2021/06/13 16:51:00,69,0.00,59,10
DUNWOD,2021/06/13 17:51:00,70,0.00,55,9
DUNWOD,2021/06/13 18:51:00,69,0.00,61,10
DUNWOD,2021/06/13 19:00:00,69,0.0,61,10
DUNWOD,2021/06/13 19:51:00,68,0.00,61,14
DUNWOD,2021/06/13 20:51:00,68,0.00,63,9
DUNWOD,2021/06/13 21:51:00,67,0.00,71,10
DUNWOD,2021/06/13 22:00:00,67,0.0,71,10
DUNWOD,2021/06/13 22:51:00,67,0.00,76,8
DUNWOD,2021/06/13 23:51:00,67,0.00,76,5
DUNWOD,2021/06/14 00:51:00,68,0.00,68,7
DUNWOD,2021/06/14 01:00:00,68,0.0,68,7
DUNWOD,2021/06/14 01:51:00,67,0.00,68,6
DUNWOD,2021/06/14 02:51:00,67,0.00,73,7
DUNWOD,2021/06/14 03:51:00,67,0.00,79,6
DUNWOD,2021/06/14 04:00:00,67,0.0,79,6
DUNWOD,2021/06/14 04:51:00,67,0.0,79,7
DUNWOD,2021/06/14 05:51:00,66,0.02,84,8
DUNWOD,2021/06/14 06:11:00,66,0.0,84,8
DUNWOD,2021/06/14 06:23:00,66,0.0,84,8
DUNWOD,2021/06/14 06:45:00,66,0.0,88,10
DUNWOD,2021/06/14 06:51:00,67,0.0,84,11
DUNWOD,2021/06/14 07:00:00,67,0.0,84,11
DUNWOD,2021/06/14 07:21:00,67,0.0,81,9
DUNWOD,2021/06/14 07:44:00,67,0.0,81,9
DUNWOD,2021/06/14 07:51:00,67,0.0,81,8
DUNWOD,2021/06/14 08:51:00,67,0.04,84,10
DUNWOD,2021/06/14 09:08:00,67,0.0,84,11
DUNWOD,2021/06/14 09:49:00,68,0.0,83,13
DUNWOD,2021/06/14 09:51:00,68,0.0,81,11
DUNWOD,2021/06/14 10:00:00,68,0.0,81,11
DUNWOD,2021/06/14 10:51:00,67,0.0,84,16
DUNWOD,2021/06/14 11:07:00,68,0.0,81,14
DUNWOD,2021/06/14 11:24:00,69,0.0,78,10
DUNWOD,2021/06/14 11:44:00,69,0.0,76,13
DUNWOD,2021/06/14 11:51:00,69,0.00,73,11
DUNWOD,2021/06/14 12:51:00,71,0.00,68,13
DUNWOD,2021/06/14 13:00:00,71,0.0,68,13
DUNWOD,2021/06/14 13:51:00,71,0.00,66,13
DUNWOD,2021/06/14 14:51:00,74,0.00,64,13
DUNWOD,2021/06/14 15:51:00,73,0.00,66,14
DUNWOD,2021/06/14 16:00:00,73,0.0,66,14
DUNWOD,2021/06/14 16:51:00,73,0.00,66,11
DUNWOD,2021/06/14 17:51:00,72,0.00,68,9
DUNWOD,2021/06/14 18:51:00,70,0.00,76,10
DUNWOD,2021/06/14 19:00:00,70,0.0,76,10
DUNWOD,2021/06/14 19:51:00,70,0.0,79,9
DUNWOD,2021/06/14 20:18:00,70,0.0,79,6
DUNWOD,2021/06/14 20:51:00,70,0.0,79,6
DUNWOD,2021/06/14 21:34:00,69,0.0,84,8
DUNWOD,2021/06/14 21:51:00,69,0.0,84,9
DUNWOD,2021/06/14 22:00:00,69,0.0,84,9
DUNWOD,2021/06/14 22:51:00,69,0.0,84,5
DUNWOD,2021/06/14 23:46:00,70,0.01,83,8
DUNWOD,2021/06/14 23:51:00,69,0.01,87,6
DUNWOD,2021/06/15 00:51:00,69,0.0,87,5
DUNWOD,2021/06/15 01:00:00,69,0.0,87,5
DUNWOD,2021/06/15 01:51:00,70,0.0,84,6
DUNWOD,2021/06/15 02:40:00,69,0.0,84,9
DUNWOD,2021/06/15 02:51:00,69,0.00,84,8
DUNWOD,2021/06/15 03:51:00,69,0.00,81,6
DUNWOD,2021/06/15 04:00:00,69,0.0,81,6
DUNWOD,2021/06/15 04:51:00,68,0.00,84,8
DUNWOD,2021/06/15 05:51:00,69,0.00,73,7
DUNWOD,2021/06/15 06:51:00,69,0.00,76,0
DUNWOD,2021/06/15 07:00:00,69,0.0,76,0
DUNWOD,2021/06/15 07:51:00,70,0.00,73,5
DUNWOD,2021/06/15 08:51:00,73,0.00,66,6
DUNWOD,2021/06/15 09:51:00,76,0.00,54,10
DUNWOD,2021/06/15 10:00:00,76,0.0,54,10
DUNWOD,2021/06/15 10:51:00,76,0.00,52,0
DUNWOD,2021/06/15 11:51:00,79,0.00,44,6
DUNWOD,2021/06/15 12:51:00,82,0.00,37,11
DUNWOD,2021/06/15 13:00:00,82,0.0,37,11
DUNWOD,2021/06/15 13:51:00,81,0.00,37,10
DUNWOD,2021/06/15 14:51:00,81,0.00,34,14
DUNWOD,2021/06/15 15:51:00,79,0.00,41,20
DUNWOD,2021/06/15 16:00:00,79,0.0,41,20
DUNWOD,2021/06/15 16:51:00,78,0.00,42,17
DUNWOD,2021/06/15 17:51:00,77,0.00,45,14
DUNWOD,2021/06/15 18:51:00,75,0.00,52,20
DUNWOD,2021/06/15 19:00:00,75,0.0,52,20
DUNWOD,2021/06/15 19:51:00,72,0.00,55,14
DUNWOD,2021/06/15 20:51:00,70,0.00,59,14
DUNWOD,2021/06/15 21:51:00,68,0.00,63,13
DUNWOD,2021/06/15 22:00:00,68,0.0,63,13
DUNWOD,2021/06/15 22:51:00,68,0.00,61,14
DUNWOD,2021/06/15 23:51:00,67,0.00,63,11
DUNWOD,2021/06/16 00:51:00,66,0.00,65,13
DUNWOD,2021/06/16 01:00:00,66,0.0,65,13
DUNWOD,2021/06/16 01:51:00,66,0.00,63,9
DUNWOD,2021/06/16 02:51:00,65,0.00,68,13
DUNWOD,2021/06/16 03:51:00,64,0.00,65,15
DUNWOD,2021/06/16 04:00:00,64,0.0,65,15
DUNWOD,2021/06/16 04:51:00,64,0.00,65,15
DUNWOD,2021/06/16 05:51:00,65,0.00,63,16
DUNWOD,2021/06/16 06:51:00,66,0.00,61,11
DUNWOD,2021/06/16 07:00:00,66,0.0,61,11
DUNWOD,2021/06/16 07:51:00,68,0.00,55,8
DUNWOD,2021/06/16 08:51:00,71,0.00,42,11
DUNWOD,2021/06/16 09:51:00,73,0.00,27,23
DUNWOD,2021/06/16 10:00:00,73,0.0,27,23
DUNWOD,2021/06/16 10:51:00,74,0.00,26,13
DUNWOD,2021/06/16 11:51:00,74,0.00,31,11
DUNWOD,2021/06/16 12:51:00,75,0.00,27,10
DUNWOD,2021/06/16 13:00:00,75,0.0,27,10
DUNWOD,2021/06/16 13:51:00,76,0.00,27,15
DUNWOD,2021/06/16 14:51:00,76,0.00,27,16
DUNWOD,2021/06/16 15:51:00,76,0.00,26,9
DUNWOD,2021/06/16 16:00:00,76,0.0,26,9
DUNWOD,2021/06/16 16:51:00,76,0.00,29,10
DUNWOD,2021/06/16 17:51:00,76,0.00,27,13
DUNWOD,2021/06/16 18:51:00,74,0.00,32,14
DUNWOD,2021/06/16 19:00:00,74,0.0,32,14
DUNWOD,2021/06/16 19:51:00,73,0.00,32,14
DUNWOD,2021/06/16 20:51:00,71,0.00,36,15
DUNWOD,2021/06/16 21:51:00,70,0.00,35,11
DUNWOD,2021/06/16 22:00:00,70,0.0,35,11
DUNWOD,2021/06/16 22:51:00,68,0.00,36,8
DUNWOD,2021/06/16 23:51:00,67,0.00,35,8
DUNWOD,2021/06/17 00:51:00,65,0.00,37,7
DUNWOD,2021/06/17 01:00:00,65,0.0,37,7
DUNWOD,2021/06/17 01:51:00,65,0.00,33,9
DUNWOD,2021/06/17 02:51:00,63,0.00,37,7
DUNWOD,2021/06/17 03:51:00,63,0.00,38,5
DUNWOD,2021/06/17 04:00:00,63,0.0,38,5
DUNWOD,2021/06/17 04:51:00,62,0.00,40,5
DUNWOD,2021/06/17 05:51:00,63,0.00,40,5
DUNWOD,2021/06/17 06:51:00,65,0.00,36,14
DUNWOD,2021/06/17 07:00:00,65,0.0,36,14
DUNWOD,2021/06/17 07:51:00,66,0.00,36,9
DUNWOD,2021/06/17 08:51:00,69,0.00,33,7
DUNWOD,2021/06/17 09:51:00,72,0.00,28,9
DUNWOD,2021/06/17 10:00:00,72,0.0,28,9
DUNWOD,2021/06/17 10:51:00,74,0.00,24,7
DUNWOD,2021/06/17 11:51:00,75,0.00,24,10
DUNWOD,2021/06/17 12:51:00,76,0.00,22,5
DUNWOD,2021/06/17 13:00:00,76,0.0,22,5
DUNWOD,2021/06/17 13:51:00,77,0.00,22,9
DUNWOD,2021/06/17 14:51:00,77,0.00,24,3
DUNWOD,2021/06/17 15:51:00,78,0.00,23,7
DUNWOD,2021/06/17 16:00:00,78,0.0,23,7
DUNWOD,2021/06/17 16:51:00,78,0.00,22,0
DUNWOD,2021/06/17 17:51:00,78,0.00,27,9
DUNWOD,2021/06/17 18:51:00,77,0.00,28,8
DUNWOD,2021/06/17 19:00:00,77,0.0,28,8
DUNWOD,2021/06/17 19:51:00,74,0.00,33,8
DUNWOD,2021/06/17 20:51:00,75,0.00,31,5
DUNWOD,2021/06/17 21:51:00,75,0.00,27,5
DUNWOD,2021/06/17 22:00:00,75,0.0,27,5
DUNWOD,2021/06/17 22:51:00,74,0.00,28,6
DUNWOD,2021/06/17 23:51:00,71,0.00,44,5
DUNWOD,2021/06/18 00:51:00,70,0.00,44,5
DUNWOD,2021/06/18 01:00:00,70,0.0,44,5
DUNWOD,2021/06/18 01:51:00,68,0.00,49,5
DUNWOD,2021/06/18 02:51:00,68,0.00,47,3
DUNWOD,2021/06/18 03:51:00,67,0.00,51,5
DUNWOD,2021/06/18 04:00:00,67,0.0,51,5
DUNWOD,2021/06/18 04:51:00,67,0.00,51,5
DUNWOD,2021/06/18 05:51:00,68,0.00,47,5
DUNWOD,2021/06/18 06:51:00,73,0.00,41,0
DUNWOD,2021/06/18 07:00:00,73,0.0,41,0
DUNWOD,2021/06/18 07:51:00,76,0.00,30,8
DUNWOD,2021/06/18 08:51:00,78,0.00,26,14
DUNWOD,2021/06/18 09:51:00,80,0.00,26,9
DUNWOD,2021/06/18 10:00:00,80,0.0,26,9
DUNWOD,2021/06/18 10:51:00,82,0.00,23,13
DUNWOD,2021/06/18 11:51:00,84,0.00,23,17
DUNWOD,2021/06/18 12:51:00,85,0.00,24,14
DUNWOD,2021/06/18 13:00:00,85,0.0,24,14
DUNWOD,2021/06/18 13:51:00,85,0.00,24,13
DUNWOD,2021/06/18 14:51:00,84,0.00,32,14
DUNWOD,2021/06/18 15:51:00,82,0.00,37,16
DUNWOD,2021/06/18 16:00:00,82,0.0,37,16
DUNWOD,2021/06/18 16:51:00,80,0.00,44,11
DUNWOD,2021/06/18 17:51:00,81,0.00,42,14
DUNWOD,2021/06/18 18:51:00,79,0.00,44,11
DUNWOD,2021/06/18 19:00:00,79,0.0,44,11
DUNWOD,2021/06/18 19:51:00,80,0.00,39,10
DUNWOD,2021/06/18 20:51:00,79,0.00,41,18
DUNWOD,2021/06/18 21:51:00,78,0.00,43,15
DUNWOD,2021/06/18 22:00:00,78,0.0,43,15
DUNWOD,2021/06/18 22:51:00,77,0.00,47,14
DUNWOD,2021/06/18 23:51:00,76,0.00,48,10
DUNWOD,2021/06/19 00:51:00,75,0.00,50,13
DUNWOD,2021/06/19 01:00:00,75,0.0,50,13
DUNWOD,2021/06/19 01:51:00,72,0.06,64,10
DUNWOD,2021/06/19 02:51:00,69,0.05,76,9
DUNWOD,2021/06/19 03:51:00,69,0.00,76,7
DUNWOD,2021/06/19 04:00:00,69,0.0,76,7
DUNWOD,2021/06/19 04:51:00,69,0.00,76,7
DUNWOD,2021/06/19 05:51:00,70,0.00,76,8
DUNWOD,2021/06/19 06:51:00,73,0.00,69,8
DUNWOD,2021/06/19 07:00:00,73,0.0,69,8
DUNWOD,2021/06/19 07:51:00,75,0.00,64,10
DUNWOD,2021/06/19 08:51:00,79,0.00,56,10
DUNWOD,2021/06/19 09:51:00,82,0.00,55,7
DUNWOD,2021/06/19 10:00:00,82,0.0,55,7
DUNWOD,2021/06/19 10:51:00,85,0.00,50,8
DUNWOD,2021/06/19 11:51:00,88,0.00,42,14
DUNWOD,2021/06/19 12:51:00,90,0.00,35,10
DUNWOD,2021/06/19 13:00:00,90,0.0,35,10
DUNWOD,2021/06/19 13:51:00,90,0.00,33,9
DUNWOD,2021/06/19 14:51:00,90,0.00,33,14
DUNWOD,2021/06/19 15:51:00,89,0.00,36,11
DUNWOD,2021/06/19 16:00:00,89,0.0,36,11
DUNWOD,2021/06/19 16:51:00,88,0.0,38,15
DUNWOD,2021/06/19 17:39:00,78,0.0,47,16
DUNWOD,2021/06/19 17:51:00,77,0.0,50,13
DUNWOD,2021/06/19 18:51:00,73,0.00,64,8
DUNWOD,2021/06/19 19:00:00,73,0.0,64,8
DUNWOD,2021/06/19 19:51:00,72,0.0,71,0
DUNWOD,2021/06/19 20:51:00,74,0.0,56,0
DUNWOD,2021/06/19 21:51:00,75,0.00,50,10
DUNWOD,2021/06/19 22:00:00,75,0.0,50,10
DUNWOD,2021/06/19 22:51:00,72,0.00,61,9
DUNWOD,2021/06/19 23:51:00,71,0.00,66,6
DUNWOD,2021/06/20 00:51:00,70,0.00,68,8
DUNWOD,2021/06/20 01:00:00,70,0.0,68,8
DUNWOD,2021/06/20 01:51:00,70,0.00,66,3
DUNWOD,2021/06/20 02:51:00,69,0.00,70,6
DUNWOD,2021/06/20 03:51:00,69,0.00,70,5
DUNWOD,2021/06/20 04:00:00,69,0.0,70,5
DUNWOD,2021/06/20 04:51:00,70,0.00,66,5
DUNWOD,2021/06/20 05:51:00,71,0.00,66,3
DUNWOD,2021/06/20 06:51:00,73,0.00,62,3
DUNWOD,2021/06/20 07:00:00,73,0.0,62,3
DUNWOD,2021/06/20 07:51:00,75,0.00,55,6
DUNWOD,2021/06/20 08:51:00,78,0.00,52,6
DUNWOD,2021/06/20 09:51:00,80,0.00,49,8
DUNWOD,2021/06/20 10:00:00,80,0.0,49,8
DUNWOD,2021/06/20 10:51:00,82,0.00,49,6
DUNWOD,2021/06/20 11:51:00,85,0.00,46,8
DUNWOD,2021/06/20 12:51:00,87,0.00,45,11
DUNWOD,2021/06/20 13:00:00,87,0.0,45,11
DUNWOD,2021/06/20 13:51:00,86,0.00,49,15
DUNWOD,2021/06/20 13:55:00,86,0.0,49,16
DUNWOD,2021/06/20 14:51:00,86,0.00,51,15
DUNWOD,2021/06/20 15:51:00,85,0.00,53,13
DUNWOD,2021/06/20 16:00:00,85,0.0,53,13
DUNWOD,2021/06/20 16:51:00,85,0.00,53,14
DUNWOD,2021/06/20 17:51:00,84,0.00,55,11
DUNWOD,2021/06/20 18:51:00,83,0.00,55,11
DUNWOD,2021/06/20 19:00:00,83,0.0,55,11
DUNWOD,2021/06/20 19:51:00,79,0.00,65,8
DUNWOD,2021/06/20 20:51:00,81,0.00,62,7
DUNWOD,2021/06/20 21:51:00,82,0.00,63,8
DUNWOD,2021/06/20 22:00:00,82,0.0,63,8
DUNWOD,2021/06/20 22:51:00,82,0.00,58,8
DUNWOD,2021/06/20 23:51:00,81,0.00,62,9
DUNWOD,2021/06/21 00:51:00,78,0.00,69,8
DUNWOD,2021/06/21 01:00:00,78,0.0,69,8
DUNWOD,2021/06/21 01:51:00,76,0.00,74,9
DUNWOD,2021/06/21 02:51:00,76,0.00,77,9
DUNWOD,2021/06/21 03:51:00,74,0.00,79,9
DUNWOD,2021/06/21 04:00:00,74,0.0,79,9
DUNWOD,2021/06/21 04:51:00,74,0.00,82,8
DUNWOD,2021/06/21 05:51:00,75,0.00,79,8
DUNWOD,2021/06/21 06:51:00,76,0.00,77,13
DUNWOD,2021/06/21 07:00:00,76,0.0,77,13
DUNWOD,2021/06/21 07:21:00,76,0.0,77,8
DUNWOD,2021/06/21 07:51:00,77,0.00,77,9
DUNWOD,2021/06/21 08:51:00,79,0.00,72,9
DUNWOD,2021/06/21 09:09:00,80,0.0,69,10
DUNWOD,2021/06/21 09:51:00,80,0.00,69,14
DUNWOD,2021/06/21 10:00:00,80,0.0,69,14
DUNWOD,2021/06/21 10:51:00,83,0.00,63,14
DUNWOD,2021/06/21 11:34:00,84,0.0,61,10
DUNWOD,2021/06/21 11:51:00,85,0.00,61,13
DUNWOD,2021/06/21 12:51:00,83,0.00,65,15
DUNWOD,2021/06/21 13:00:00,83,0.0,65,15
DUNWOD,2021/06/21 13:51:00,86,0.00,59,11
DUNWOD,2021/06/21 14:51:00,86,0.00,59,15
DUNWOD,2021/06/21 15:51:00,84,0.00,61,20
DUNWOD,2021/06/21 16:00:00,84,0.0,61,20
DUNWOD,2021/06/21 16:51:00,87,0.00,57,16
DUNWOD,2021/06/21 17:51:00,81,0.00,67,15
DUNWOD,2021/06/21 18:51:00,79,0.00,69,11
DUNWOD,2021/06/21 19:00:00,79,0.0,69,11
DUNWOD,2021/06/21 19:51:00,79,0.00,69,13
DUNWOD,2021/06/21 20:51:00,79,0.00,69,13
DUNWOD,2021/06/21 21:51:00,82,0.00,58,9
DUNWOD,2021/06/21 22:00:00,82,0.0,58,9
DUNWOD,2021/06/21 22:51:00,81,0.00,58,11
DUNWOD,2021/06/21 23:51:00,80,0.00,58,13
DUNWOD,2021/06/22 00:51:00,79,0.00,62,7
DUNWOD,2021/06/22 01:00:00,79,0.0,62,7
DUNWOD,2021/06/22 01:51:00,76,0.0,72,13
DUNWOD,2021/06/22 02:51:00,75,0.0,79,5
DUNWOD,2021/06/22 03:51:00,75,0.00,76,7
DUNWOD,2021/06/22 04:00:00,75,0.0,76,7
DUNWOD,2021/06/22 04:51:00,75,0.00,74,3
DUNWOD,2021/06/22 05:51:00,76,0.00,72,8
DUNWOD,2021/06/22 06:51:00,77,0.00,71,5
DUNWOD,2021/06/22 07:00:00,77,0.0,71,5
DUNWOD,2021/06/22 07:51:00,78,0.00,67,7
DUNWOD,2021/06/22 08:49:00,77,0.0,69,9
DUNWOD,2021/06/22 08:51:00,77,0.00,69,9
DUNWOD,2021/06/22 09:51:00,74,0.00,62,15
DUNWOD,2021/06/22 10:00:00,74,0.0,62,15
DUNWOD,2021/06/22 10:51:00,72,0.00,68,14
DUNWOD,2021/06/22 11:51:00,71,0.0,68,14
DUNWOD,2021/06/22 12:49:00,66,0.0,73,15
DUNWOD,2021/06/22 12:51:00,67,0.0,73,15
DUNWOD,2021/06/22 13:00:00,67,0.0,73,15
DUNWOD,2021/06/22 13:51:00,65,0.03,81,11
DUNWOD,2021/06/22 14:51:00,65,0.06,78,11
DUNWOD,2021/06/22 15:51:00,66,0.0,78,10
DUNWOD,2021/06/22 16:00:00,66,0.0,78,10
DUNWOD,2021/06/22 16:51:00,66,0.02,81,7
DUNWOD,2021/06/22 17:08:00,66,0.0,81,7
DUNWOD,2021/06/22 17:51:00,65,0.06,76,17
DUNWOD,2021/06/22 18:06:00,65,0.0,76,15
DUNWOD,2021/06/22 18:51:00,65,0.00,73,15
DUNWOD,2021/06/22 19:00:00,65,0.0,73,15
DUNWOD,2021/06/22 19:51:00,65,0.00,70,15
DUNWOD,2021/06/22 20:51:00,64,0.00,65,21
DUNWOD,2021/06/22 21:51:00,63,0.00,60,18
DUNWOD,2021/06/22 22:00:00,63,0.0,60,18
DUNWOD,2021/06/22 22:51:00,62,0.00,62,14
DUNWOD,2021/06/22 23:51:00,61,0.00,58,15
DUNWOD,2021/06/23 00:51:00,60,0.00,60,13
DUNWOD,2021/06/23 01:00:00,60,0.0,60,13
DUNWOD,2021/06/23 01:51:00,60,0.00,60,10
DUNWOD,2021/06/23 02:51:00,59,0.00,62,10
DUNWOD,2021/06/23 03:51:00,58,0.00,65,11
DUNWOD,2021/06/23 04:00:00,58,0.0,65,11
DUNWOD,2021/06/23 04:51:00,58,0.00,65,13
DUNWOD,2021/06/23 05:51:00,59,0.00,62,11
DUNWOD,2021/06/23 06:51:00,62,0.00,56,14
DUNWOD,2021/06/23 07:00:00,62,0.0,56,14
DUNWOD,2021/06/23 07:51:00,64,0.00,50,11
DUNWOD,2021/06/23 08:51:00,67,0.00,41,9
DUNWOD,2021/06/23 09:51:00,69,0.00,36,13
DUNWOD,2021/06/23 10:00:00,69,0.0,36,13
DUNWOD,2021/06/23 10:51:00,71,0.00,31,13
DUNWOD,2021/06/23 11:51:00,72,0.00,30,6
DUNWOD,2021/06/23 12:51:00,74,0.00,32,11
DUNWOD,2021/06/23 13:00:00,74,0.0,32,11
DUNWOD,2021/06/23 13:51:00,75,0.00,31,13
DUNWOD,2021/06/23 14:51:00,74,0.00,32,9
DUNWOD,2021/06/23 15:51:00,76,0.00,29,8
DUNWOD,2021/06/23 16:00:00,76,0.0,29,8
DUNWOD,2021/06/23 16:51:00,76,0.00,26,6
DUNWOD,2021/06/23 17:51:00,76,0.00,23,3
DUNWOD,2021/06/23 18:51:00,71,0.00,42,14
DUNWOD,2021/06/23 19:00:00,71,0.0,42,14
DUNWOD,2021/06/23 19:51:00,69,0.00,45,10
DUNWOD,2021/06/23 20:51:00,68,0.00,51,13
DUNWOD,2021/06/23 21:51:00,68,0.00,51,9
DUNWOD,2021/06/23 22:00:00,68,0.0,51,9
DUNWOD,2021/06/23 22:51:00,67,0.00,55,8
DUNWOD,2021/06/23 23:51:00,67,0.00,53,7
DUNWOD,2021/06/24 00:51:00,66,0.00,52,7
DUNWOD,2021/06/24 01:00:00,66,0.0,52,7
DUNWOD,2021/06/24 01:51:00,65,0.00,54,3
DUNWOD,2021/06/24 02:51:00,65,0.00,54,5
DUNWOD,2021/06/24 03:51:00,64,0.00,58,0
DUNWOD,2021/06/24 04:00:00,64,0.0,58,0
DUNWOD,2021/06/24 04:51:00,63,0.00,68,3
DUNWOD,2021/06/24 05:51:00,64,0.00,73,7
DUNWOD,2021/06/24 06:51:00,64,0.00,75,7
DUNWOD,2021/06/24 07:00:00,64,0.0,75,7
DUNWOD,2021/06/24 07:51:00,68,0.00,65,6
DUNWOD,2021/06/24 08:51:00,70,0.00,59,8
DUNWOD,2021/06/24 09:51:00,73,0.00,53,10
DUNWOD,2021/06/24 10:00:00,73,0.0,53,10
DUNWOD,2021/06/24 10:51:00,73,0.00,46,5
DUNWOD,2021/06/24 11:51:00,78,0.00,29,10
DUNWOD,2021/06/24 12:51:00,77,0.00,33,17
DUNWOD,2021/06/24 13:00:00,77,0.0,33,17
DUNWOD,2021/06/24 13:51:00,77,0.00,33,11
DUNWOD,2021/06/24 14:51:00,76,0.00,36,14
DUNWOD,2021/06/24 15:51:00,76,0.00,35,6
DUNWOD,2021/06/24 16:00:00,76,0.0,35,6
DUNWOD,2021/06/24 16:51:00,75,0.00,39,13
DUNWOD,2021/06/24 17:51:00,73,0.00,43,10
DUNWOD,2021/06/24 18:51:00,71,0.00,49,13
DUNWOD,2021/06/24 19:00:00,71,0.0,49,13
DUNWOD,2021/06/24 19:51:00,70,0.00,46,9
DUNWOD,2021/06/24 20:51:00,68,0.00,47,5
DUNWOD,2021/06/24 21:51:00,66,0.00,70,13
DUNWOD,2021/06/24 22:00:00,66,0.0,70,13
DUNWOD,2021/06/24 22:51:00,66,0.00,65,10
DUNWOD,2021/06/24 23:51:00,66,0.00,63,11
DUNWOD,2021/06/25 00:51:00,65,0.00,66,9
DUNWOD,2021/06/25 01:00:00,65,0.0,66,9
DUNWOD,2021/06/25 01:03:00,65,0.0,68,8
DUNWOD,2021/06/25 01:51:00,64,0.00,78,11
DUNWOD,2021/06/25 02:15:00,64,0.0,81,14
DUNWOD,2021/06/25 02:46:00,64,0.0,78,10
DUNWOD,2021/06/25 02:49:00,64,0.0,78,11
DUNWOD,2021/06/25 02:51:00,64,0.00,81,11
DUNWOD,2021/06/25 03:24:00,64,0.0,81,7
DUNWOD,2021/06/25 03:45:00,64,0.0,78,9
DUNWOD,2021/06/25 03:51:00,64,0.00,81,8
DUNWOD,2021/06/25 04:00:00,64,0.0,81,8
DUNWOD,2021/06/25 04:51:00,64,0.00,81,6
DUNWOD,2021/06/25 05:51:00,65,0.00,78,5
DUNWOD,2021/06/25 06:11:00,65,0.0,78,5
DUNWOD,2021/06/25 06:51:00,66,0.00,75,5
DUNWOD,2021/06/25 07:00:00,66,0.0,75,5
DUNWOD,2021/06/25 07:51:00,67,0.00,73,7
DUNWOD,2021/06/25 08:19:00,70,0.0,66,3
DUNWOD,2021/06/25 08:51:00,70,0.00,68,5
DUNWOD,2021/06/25 09:51:00,73,0.00,59,5
DUNWOD,2021/06/25 10:00:00,73,0.0,59,5
DUNWOD,2021/06/25 10:51:00,75,0.00,55,6
DUNWOD,2021/06/25 11:51:00,77,0.00,50,8
DUNWOD,2021/06/25 12:51:00,78,0.00,45,6
DUNWOD,2021/06/25 13:00:00,78,0.0,45,6
DUNWOD,2021/06/25 13:51:00,80,0.00,42,14
DUNWOD,2021/06/25 14:51:00,79,0.00,49,15
DUNWOD,2021/06/25 15:51:00,77,0.00,54,14
DUNWOD,2021/06/25 16:00:00,77,0.0,54,14
DUNWOD,2021/06/25 16:51:00,75,0.00,60,14
DUNWOD,2021/06/25 17:51:00,74,0.00,64,13
DUNWOD,2021/06/25 18:51:00,72,0.00,71,11
DUNWOD,2021/06/25 19:00:00,72,0.0,71,11
DUNWOD,2021/06/25 19:51:00,71,0.00,73,14
DUNWOD,2021/06/25 20:51:00,71,0.00,76,15
DUNWOD,2021/06/25 21:51:00,70,0.00,82,9
DUNWOD,2021/06/25 22:00:00,70,0.0,82,9
DUNWOD,2021/06/25 22:46:00,70,0.0,83,9
DUNWOD,2021/06/25 22:51:00,71,0.00,79,9
DUNWOD,2021/06/25 23:51:00,70,0.00,82,8
DUNWOD,2021/06/26 00:47:00,70,0.0,83,9
DUNWOD,2021/06/26 00:51:00,69,0.00,84,11
DUNWOD,2021/06/26 01:00:00,69,0.0,84,11
DUNWOD,2021/06/26 01:20:00,69,0.0,87,9
DUNWOD,2021/06/26 01:51:00,70,0.00,84,9
DUNWOD,2021/06/26 02:48:00,72,0.0,78,9
DUNWOD,2021/06/26 02:51:00,71,0.00,81,7
DUNWOD,2021/06/26 03:51:00,71,0.00,84,7
DUNWOD,2021/06/26 04:00:00,71,0.0,84,7
DUNWOD,2021/06/26 04:51:00,72,0.00,82,7
DUNWOD,2021/06/26 05:51:00,72,0.0,84,7
DUNWOD,2021/06/26 06:49:00,73,0.0,83,7
DUNWOD,2021/06/26 06:51:00,73,0.0,84,8
DUNWOD,2021/06/26 07:00:00,73,0.0,84,8
DUNWOD,2021/06/26 07:19:00,77,0.0,74,11
DUNWOD,2021/06/26 07:51:00,78,0.00,69,7
DUNWOD,2021/06/26 08:51:00,80,0.00,67,7
DUNWOD,2021/06/26 09:10:00,79,0.0,67,11
DUNWOD,2021/06/26 09:51:00,81,0.00,67,13
DUNWOD,2021/06/26 10:00:00,81,0.0,67,13
DUNWOD,2021/06/26 10:49:00,82,0.0,62,13
DUNWOD,2021/06/26 10:51:00,82,0.00,63,14
DUNWOD,2021/06/26 11:51:00,83,0.00,63,11
DUNWOD,2021/06/26 12:51:00,84,0.00,61,18
DUNWOD,2021/06/26 13:00:00,84,0.0,61,18
DUNWOD,2021/06/26 13:51:00,81,0.00,67,18
DUNWOD,2021/06/26 14:51:00,80,0.0,71,18
DUNWOD,2021/06/26 15:51:00,84,0.00,61,17
DUNWOD,2021/06/26 16:00:00,84,0.0,61,17
DUNWOD,2021/06/26 16:51:00,83,0.00,65,13
DUNWOD,2021/06/26 17:51:00,82,0.00,65,13
DUNWOD,2021/06/26 18:51:00,79,0.00,72,14
DUNWOD,2021/06/26 19:00:00,79,0.0,72,14
DUNWOD,2021/06/26 19:51:00,77,0.00,77,16
DUNWOD,2021/06/26 20:51:00,78,0.00,71,13
DUNWOD,2021/06/26 21:51:00,77,0.00,74,9
DUNWOD,2021/06/26 22:00:00,77,0.0,74,9
DUNWOD,2021/06/26 22:51:00,76,0.00,74,8
DUNWOD,2021/06/26 23:51:00,77,0.00,71,10
DUNWOD,2021/06/27 00:51:00,77,0.00,74,10
DUNWOD,2021/06/27 01:00:00,77,0.0,74,10
DUNWOD,2021/06/27 01:51:00,76,0.00,77,9
DUNWOD,2021/06/27 02:51:00,75,0.00,76,8
DUNWOD,2021/06/27 03:51:00,75,0.00,76,11
DUNWOD,2021/06/27 04:00:00,75,0.0,76,11
DUNWOD,2021/06/27 04:42:00,75,0.0,79,8
DUNWOD,2021/06/27 04:51:00,75,0.00,79,8
DUNWOD,2021/06/27 05:45:00,75,0.0,83,11
DUNWOD,2021/06/27 05:51:00,75,0.00,82,13
DUNWOD,2021/06/27 06:14:00,76,0.0,79,8
DUNWOD,2021/06/27 06:51:00,77,0.00,77,13
DUNWOD,2021/06/27 07:00:00,77,0.0,77,13
DUNWOD,2021/06/27 07:51:00,78,0.00,74,9
DUNWOD,2021/06/27 08:51:00,80,0.00,69,10
DUNWOD,2021/06/27 09:51:00,83,0.00,63,10
DUNWOD,2021/06/27 10:00:00,83,0.0,63,10
DUNWOD,2021/06/27 10:47:00,84,0.0,62,13
DUNWOD,2021/06/27 10:51:00,84,0.00,61,14
DUNWOD,2021/06/27 10:57:00,85,0.0,59,11
DUNWOD,2021/06/27 11:38:00,87,0.0,53,14
DUNWOD,2021/06/27 11:51:00,87,0.00,55,11
DUNWOD,2021/06/27 12:51:00,86,0.00,57,16
DUNWOD,2021/06/27 13:00:00,86,0.0,57,16
DUNWOD,2021/06/27 13:51:00,88,0.00,55,16
DUNWOD,2021/06/27 14:51:00,88,0.00,54,15
DUNWOD,2021/06/27 15:51:00,88,0.00,54,14
DUNWOD,2021/06/27 16:00:00,88,0.0,54,14
DUNWOD,2021/06/27 16:51:00,87,0.00,55,16
DUNWOD,2021/06/27 17:51:00,86,0.00,57,13
DUNWOD,2021/06/27 18:51:00,84,0.00,61,13
DUNWOD,2021/06/27 19:00:00,84,0.0,61,13
DUNWOD,2021/06/27 19:51:00,83,0.00,63,10
DUNWOD,2021/06/27 20:51:00,82,0.00,65,11
DUNWOD,2021/06/27 21:51:00,82,0.00,65,13
DUNWOD,2021/06/27 22:00:00,82,0.0,65,13
DUNWOD,2021/06/27 22:51:00,81,0.00,65,11
DUNWOD,2021/06/27 23:51:00,81,0.00,65,14
DUNWOD,2021/06/28 00:51:00,80,0.00,67,9
DUNWOD,2021/06/28 01:00:00,80,0.0,67,9
DUNWOD,2021/06/28 01:51:00,79,0.00,69,11
DUNWOD,2021/06/28 02:51:00,78,0.00,74,11
DUNWOD,2021/06/28 03:51:00,78,0.00,71,9
DUNWOD,2021/06/28 04:00:00,78,0.0,71,9
DUNWOD,2021/06/28 04:51:00,77,0.00,71,10
DUNWOD,2021/06/28 05:51:00,78,0.00,69,9
DUNWOD,2021/06/28 06:51:00,79,0.00,69,8
DUNWOD,2021/06/28 07:00:00,79,0.0,69,8
DUNWOD,2021/06/28 07:51:00,82,0.00,63,13
DUNWOD,2021/06/28 08:51:00,85,0.00,59,10
DUNWOD,2021/06/28 09:51:00,87,0.00,55,13
DUNWOD,2021/06/28 10:00:00,87,0.0,55,13
DUNWOD,2021/06/28 10:51:00,90,0.00,50,10
DUNWOD,2021/06/28 11:51:00,93,0.00,46,10
DUNWOD,2021/06/28 12:51:00,95,0.00,40,9
DUNWOD,2021/06/28 13:00:00,95,0.0,40,9
DUNWOD,2021/06/28 13:51:00,93,0.00,46,15
DUNWOD,2021/06/28 14:51:00,93,0.00,46,17
DUNWOD,2021/06/28 15:51:00,93,0.00,46,15
DUNWOD,2021/06/28 16:00:00,93,0.0,46,15
DUNWOD,2021/06/28 16:51:00,90,0.00,50,15
DUNWOD,2021/06/28 17:51:00,88,0.00,54,10
DUNWOD,2021/06/28 18:51:00,88,0.00,52,9
DUNWOD,2021/06/28 19:00:00,88,0.0,52,9
DUNWOD,2021/06/28 19:51:00,87,0.00,55,11
DUNWOD,2021/06/28 20:51:00,89,0.00,53,13
DUNWOD,2021/06/28 21:51:00,86,0.00,59,13
DUNWOD,2021/06/28 22:00:00,86,0.0,59,13
DUNWOD,2021/06/28 22:51:00,85,0.00,61,13
DUNWOD,2021/06/28 23:51:00,84,0.00,63,9
DUNWOD,2021/06/29 00:51:00,84,0.00,61,10
DUNWOD,2021/06/29 01:00:00,84,0.0,61,10
DUNWOD,2021/06/29 01:51:00,83,0.00,59,9
DUNWOD,2021/06/29 02:51:00,82,0.00,60,8
DUNWOD,2021/06/29 03:51:00,82,0.00,60,9
DUNWOD,2021/06/29 04:00:00,82,0.0,60,9
DUNWOD,2021/06/29 04:51:00,81,0.00,62,9
DUNWOD,2021/06/29 05:51:00,81,0.00,62,10
DUNWOD,2021/06/29 06:51:00,83,0.00,61,9
DUNWOD,2021/06/29 07:00:00,83,0.0,61,9
DUNWOD,2021/06/29 07:51:00,86,0.00,57,8
DUNWOD,2021/06/29 08:51:00,89,0.00,52,7
DUNWOD,2021/06/29 09:51:00,90,0.00,52,5
DUNWOD,2021/06/29 10:00:00,90,0.0,52,5
DUNWOD,2021/06/29 10:51:00,94,0.00,46,0
DUNWOD,2021/06/29 11:51:00,96,0.00,41,8
DUNWOD,2021/06/29 12:51:00,98,0.00,38,11
DUNWOD,2021/06/29 13:00:00,98,0.0,38,11
DUNWOD,2021/06/29 13:51:00,96,0.00,44,16
DUNWOD,2021/06/29 14:05:00,96,0.0,44,20
DUNWOD,2021/06/29 14:51:00,95,0.00,44,14
DUNWOD,2021/06/29 15:51:00,95,0.00,43,16
DUNWOD,2021/06/29 16:00:00,95,0.0,43,16
DUNWOD,2021/06/29 16:51:00,96,0.00,40,15
DUNWOD,2021/06/29 17:51:00,95,0.00,41,13
DUNWOD,2021/06/29 18:51:00,94,0.00,41,15
DUNWOD,2021/06/29 19:00:00,94,0.0,41,15
DUNWOD,2021/06/29 19:51:00,93,0.00,42,11
DUNWOD,2021/06/29 20:51:00,91,0.00,45,11
DUNWOD,2021/06/29 21:51:00,90,0.00,45,11
DUNWOD,2021/06/29 22:00:00,90,0.0,45,11
DUNWOD,2021/06/29 22:51:00,89,0.00,47,9
DUNWOD,2021/06/29 23:51:00,88,0.00,48,13
DUNWOD,2021/06/30 00:51:00,87,0.00,53,14
DUNWOD,2021/06/30 01:00:00,87,0.0,53,14
DUNWOD,2021/06/30 01:51:00,86,0.00,57,11
DUNWOD,2021/06/30 02:51:00,85,0.00,61,10
DUNWOD,2021/06/30 03:51:00,84,0.00,63,10
DUNWOD,2021/06/30 04:00:00,84,0.0,63,10
DUNWOD,2021/06/30 04:51:00,83,0.00,63,9
DUNWOD,2021/06/30 05:51:00,84,0.00,63,11
DUNWOD,2021/06/30 06:51:00,86,0.00,59,11
DUNWOD,2021/06/30 07:00:00,86,0.0,59,11
DUNWOD,2021/06/30 07:51:00,88,0.00,55,11
DUNWOD,2021/06/30 08:51:00,90,0.00,52,11
DUNWOD,2021/06/30 09:51:00,94,0.00,44,8
DUNWOD,2021/06/30 10:00:00,94,0.0,44,8
DUNWOD,2021/06/30 10:51:00,95,0.00,41,10
DUNWOD,2021/06/30 11:51:00,97,0.00,37,14
DUNWOD,2021/06/30 12:51:00,98,0.00,34,11
DUNWOD,2021/06/30 13:00:00,98,0.0,34,11
DUNWOD,2021/06/30 13:51:00,97,0.00,35,14
DUNWOD,2021/06/30 14:51:00,100,0.00,32,11
DUNWOD,2021/06/30 15:51:00,98,0.00,35,11
DUNWOD,2021/06/30 16:00:00,98,0.0,35,11
DUNWOD,2021/06/30 16:51:00,99,0.00,32,16
DUNWOD,2021/06/30 17:51:00,98,0.00,33,14
DUNWOD,2021/06/30 18:51:00,95,0.00,37,17
DUNWOD,2021/06/30 19:00:00,95,0.0,37,17
DUNWOD,2021/06/30 19:44:00,95,0.0,37,14
DUNWOD,2021/06/30 19:46:00,93,0.0,39,20
DUNWOD,2021/06/30 19:51:00,88,0.04,48,22
DUNWOD,2021/06/30 19:56:00,86,0.0,52,24
DUNWOD,2021/06/30 20:07:00,80,0.08,69,17
DUNWOD,2021/06/30 20:51:00,79,0.04,74,7
DUNWOD,2021/06/30 21:05:00,77,0.02,79,22
DUNWOD,2021/06/30 21:33:00,75,0.53,82,0
DUNWOD,2021/06/30 21:46:00,75,0.53,78,3
DUNWOD,2021/06/30 21:51:00,76,0.53,77,6
DUNWOD,2021/06/30 22:00:00,76,0.0,77,6
DUNWOD,2021/06/30 22:51:00,77,0.00,79,5
DUNWOD,2021/06/30 23:51:00,78,0.00,74,7
